{
  "system_info": {
    "cpu_count": 12,
    "memory_gb": 3.4328155517578125,
    "python_version": "3.13.5 (main, Jun 25 2025, 18:55:22) [GCC 14.2.0]",
    "platform": "linux"
  },
  "benchmarks": {
    "token_generation": {
      "total_tokens": 10000,
      "total_time_seconds": 1.5257678031921387,
      "tokens_per_second": 6554.07721874749,
      "avg_time_per_token_ms": 0.15173563957214356,
      "median_time_per_token_ms": 0.064849853515625,
      "p95_time_per_token_ms": 0.10085105895996094,
      "p99_time_per_token_ms": 0.1690387725830078,
      "min_time_per_token_ms": 0.014543533325195312,
      "max_time_per_token_ms": 189.30459022521973
    },
    "token_verification": {
      "total_tokens": 10000,
      "total_time_seconds": 1.8563663959503174,
      "tokens_per_second": 5386.867604269882,
      "avg_time_per_token_ms": 0.18520023822784423,
      "median_time_per_token_ms": 0.072479248046875,
      "p95_time_per_token_ms": 0.11587142944335938,
      "p99_time_per_token_ms": 0.18548965454101562,
      "min_time_per_token_ms": 0.024080276489257812,
      "max_time_per_token_ms": 217.71883964538574,
      "success_rate": 1.0
    },
    "concurrent_operations": {
      "thread_count": 50,
      "operations_per_thread": 200,
      "total_operations": 10000,
      "total_time_seconds": 5.5527184009552,
      "operations_per_second": 1800.9197077740807,
      "avg_time_per_operation_ms": 27.56536445617676,
      "median_time_per_operation_ms": 15.759825706481934,
      "p95_time_per_operation_ms": 111.84000968933105,
      "p99_time_per_operation_ms": 235.3649139404297
    },
    "replay_cache_performance": {
      "total_tokens": 10000,
      "first_pass_time_seconds": 1.521350622177124,
      "second_pass_time_seconds": 1.0748052597045898,
      "first_pass_tokens_per_second": 6573.106721243214,
      "second_pass_tokens_per_second": 9304.01103800748,
      "first_pass_avg_time_ms": 0.15173447132110596,
      "second_pass_avg_time_ms": 0.10705747604370118,
      "replay_detection_success_rate": 1.0
    },
    "memory_usage": {
      "total_tokens": 50000,
      "initial_memory_mb": 38.60546875,
      "generation_memory_mb": 44.10546875,
      "verification_memory_mb": 52.15625,
      "memory_increase_during_generation_mb": 5.5,
      "memory_increase_during_verification_mb": 8.05078125,
      "memory_per_token_bytes": 284.18048
    },
    "api_performance": {
      "total_generation_requests": 1000,
      "successful_generation_requests": 1000,
      "generation_time_seconds": 2.217111110687256,
      "generation_requests_per_second": 451.03738607399873,
      "avg_generation_time_ms": 2.215280055999756,
      "verification_requests": 100,
      "verification_time_seconds": 0.2271883487701416,
      "verification_requests_per_second": 440.1634174522535,
      "avg_verification_time_ms": 2.2707533836364746
    }
  },
  "timestamp": 1778499293.6374476
}